{
  "ann_return": 0.15892821002019164,
  "ann_volatility": 0.178477963353482,
  "sharpe": 0.9160113780009531,
  "sortino": 1.2441904728121713,
  "max_drawdown": -0.223536078351116,
  "calmar": 0.7109734195594033,
  "win_rate": 0.5390428211586902,
  "avg_win": 0.008001385148629879,
  "avg_loss": -0.008007733153540501,
  "profit_factor": 1.177047824890651,
  "skewness": -0.28908545485718046,
  "kurtosis": 8.409466223723365,
  "var_95": -0.017332982005042876,
  "cvar_95": -0.0254087883210659,
  "longest_drawdown_days": 355,
  "recovery_factor": 4.508918789609593
}