{
  "ann_return": 0.15596301770474819,
  "ann_volatility": 0.1779433684314898,
  "sharpe": 0.9038221184655637,
  "sortino": 1.2264140068578997,
  "max_drawdown": -0.22431923657037123,
  "calmar": 0.6952725949377997,
  "win_rate": 0.5365239294710328,
  "avg_win": 0.007999252427718496,
  "avg_loss": -0.007940534842670903,
  "profit_factor": 1.1746810038822428,
  "skewness": -0.28938727204935677,
  "kurtosis": 8.413001639551188,
  "var_95": -0.017374177983109595,
  "cvar_95": -0.025336410493163,
  "longest_drawdown_days": 355,
  "recovery_factor": 4.385452553386374
}